sequence,label_prob,coin_infer_prob,correct
HTTTHTHTTHHTHHTHTTHH,0.5,0.50,S
THHTTTTHTTTTTTTHHHTT,0.3,0.30,S
TTTHTTTHTTHTTTTTHHTT,0.3,0.30,S
HHHHTTTTHTTTHHHHTTTT,0.3,0.50,F
THTTHHTTTHHTTHTTTTTT,0.5,0.30,F
THTTTTTHHHTTTTHTHHHT,0.3,0.50,F
THTTTHTTHTTTHTTHTTTH,0.3,0.30,S
HTTHTHTHTTHHHHTTHTTT,0.3,0.50,F
TTHTTTHTHHTHTTHTTTTT,0.3,0.30,S
HHTHTHTTTHHHTTHHTTHT,0.3,0.50,F
TTHHHTHTHTHTTTTHHHTH,0.5,0.50,S
HTTTTTTHHHTHHHHTTHTT,0.5,0.50,S
HTTTTTTTTTTTTTTTTTHT,0.3,0.30,S
TTTTTTTHTTTTTHHTHHHT,0.3,0.30,S
THTTTTHTHTTTTHTTTHTT,0.3,0.30,S
HTTTHTTHTTTTHHTTTTTT,0.3,0.30,S
TTTTTTTTTHHTHHHTHTTT,0.3,0.30,S
HHTHTTHTTTTTTTTTTTHT,0.3,0.30,S
THHTHTTHHTTHTTTTTHHT,0.3,0.50,F
THHTHTTHTTTTTTTHTTHH,0.5,0.30,F
TTHHHHTHTHTHHHHHHTHT,0.5,0.50,S
HTTTTHHHHHHTTTHHTTTH,0.5,0.50,S
THTHHTTHHTTTTTHTHTHT,0.5,0.50,S
HHHHTTTTHTTTHTHHTTHH,0.5,0.50,S
HTHTTHHTHTTTHHTTHTHH,0.5,0.50,S
HHHHTTHTHTHTHTTHHTTH,0.5,0.50,S
HHHHHTTHTHTHHHTHHTHH,0.5,0.50,S
TTTHHTHHTTTTTTHTTTTT,0.3,0.30,S
HTTHTTHHHHTHHTTTTHHT,0.5,0.50,S
TTHHTHHHTTTHTHHTTHHT,0.5,0.50,S
HHTHHHTHTHHTTTTHTHHT,0.5,0.50,S
HHHHHHHTTHTTHHTTTTHT,0.5,0.50,S
HTTTTTTHTHTTHHHTHTTT,0.3,0.30,S
THTHTTTTTHTTTHTTHTTH,0.3,0.30,S
THTTHHTHHTHTHHTTHHHT,0.5,0.50,S
HTTTHTTTHTHHHTTTHTTH,0.3,0.50,F
THTTTTTTTHTTTTTTTHHT,0.3,0.30,S
TTTHTHHTHHTTHTHHHTTT,0.5,0.50,S
TTHTTHHTHTTTHTTTHTTH,0.5,0.30,F
TTHTTTTHHTTHTHTTTHHT,0.3,0.30,S
TTTTTHHTTTHTTHTHTTTH,0.3,0.30,S
THHTHHHTHHTTHTTTHTTT,0.5,0.50,S
THHHHTHHTHTTTHTTTHTH,0.5,0.50,S
HTTTTTTTTTTTHHTTTTTT,0.3,0.30,S
THHTHHHTTTTTTTTTHTHT,0.5,0.30,F
THHTTHTHTTTTHHHTTTTT,0.3,0.30,S
TTTHTHTHTTTTTTTTTTHT,0.3,0.30,S
HHHTHTHTHTHHTTTHHHTH,0.5,0.50,S
THHHTTTTTHTTTHHTHTHH,0.5,0.50,S
HTTTTTHTTHHTTTTTTHTT,0.5,0.30,F
THTHTTHTHHTHHTHTHTHH,0.5,0.50,S
HTHHHTTHHTTTTTHHTTHH,0.5,0.50,S
THTHTTTTHTHTTTTHHTTT,0.3,0.30,S
HTTTTTTHTHHHHTHHHTTH,0.5,0.50,S
TTTTTTHTHTTTHTTHTTTH,0.3,0.30,S
HTHHTTTHTTHHTHTHTHTT,0.5,0.50,S
HTHTHTHTHHHHTHHHTTTH,0.5,0.50,S
HHTTTTHTTHTHTTTTTTTT,0.3,0.30,S
TTTHTHHTHHHHTTTTTTTH,0.5,0.50,S
THTTTTHHHTTHHTTTTHHT,0.5,0.50,S
THTHTHTHTTHTTTTHTHTT,0.5,0.30,F
THHHHHTTTHTTTHHTHHTH,0.3,0.50,F
THTTTTHHTTTTTTHTHHTT,0.5,0.30,F
HTTTTTHTTTTTHTTTTTTH,0.3,0.30,S
THTTTHTTTTTTTTTHTTTT,0.3,0.30,S
TTHTTTTTHTTHHTTTHTTH,0.3,0.30,S
HTHTTHTHTTTHTTHHTTTT,0.3,0.30,S
HHHTHHHHTHTHTTTTTHTH,0.5,0.50,S
HTTHHTTHHHTTTHHTTHTT,0.3,0.50,F
HTTHTHTTTHHTTTHTTTHH,0.5,0.50,S
HTHHHTHHTHHTHHHTHTTT,0.5,0.50,S
THTHTHHHHHHHHTTTHHTT,0.5,0.50,S
HHHTTHHHTHHHHTHHHHTH,0.5,0.50,S
THTTTTTTHTTHTTHTTTTT,0.3,0.30,S
THTHTTTHTTTTTTTTTHTT,0.3,0.30,S
THTTTTTHHTTTHTTHTHHT,0.3,0.30,S
HHTHHHHHTHTTHHTTTHTT,0.5,0.50,S
THTHTHHTHHTTTTTTTHTH,0.3,0.50,F
HHTTHTHTTHHTTTTHHTHH,0.5,0.50,S
THHTTHTTHHHHHHHHTHTH,0.5,0.50,S
THTTHTHTHHTTHHHHHTTH,0.5,0.50,S
THTHTHHTHHTTHTTHTTTT,0.3,0.50,F
TTTTHTHTTTHTTTTTTTTT,0.3,0.30,S
HHHHHTHHHTHHTTTHHTTT,0.5,0.50,S
THTHHHTTTTTTHTTHTTHH,0.5,0.50,S
HTHHHHHHHTTHTHHTTHHT,0.5,0.50,S
TTTTHTTTHTTHTTTHTTTH,0.5,0.30,F
TTTTHHHTHTHTHTTHTHHH,0.3,0.50,F
TTTTTTTHTTTHTTTTTTTT,0.3,0.30,S
HHTHTHHHTHHHTHTHHTTH,0.5,0.50,S
TTTHHTTTTTTHTHHTTTTT,0.3,0.30,S
THTHHHTTHTTTHTTTHTHT,0.3,0.50,F
HTTHTHTHTTTTTTTTTHTT,0.3,0.30,S
HTHTHHTTHTTHHHTHHTHT,0.5,0.50,S
HHTTTHHHTTTHTTTTHTTT,0.3,0.30,S
HTTHHTTTTTTHTTTTTTTT,0.3,0.30,S
TTHHHHTTTHHHHTHHHHHT,0.5,0.50,S
HHTTHTTTHHHTTHHTHHTT,0.5,0.50,S
TTTTTHTHHTTTTTHTTTHH,0.3,0.30,S
TTHHTHTTTTTTTTTTHHHH,0.3,0.30,S
